{"test_avg_loss": 2.4944812808008416, "test_avg_acc": 0.06766729205753597, "val_avg_loss": 2.4974555408670787, "val_avg_acc": 0.07234948053573664, "best_step": 0, "best_val_acc": 0.07234948053573664, "best_test_acc_based_on_val_beststep": 0.06766729205753597, "test_best_min_based_on_step": 0.0, "test_best_max_based_on_step": 0.3023255813953488, "test_best_std_based_on_step": 0.0836229108902549, "_step": 0, "_runtime": 29, "_timestamp": 1612696971}