{"test_avg_loss": 0.8129702925322393, "test_avg_acc": 0.851343877889614, "val_avg_loss": 0.8521223749996474, "val_avg_acc": 0.8463495575221239, "best_step": 1000, "best_val_acc": 0.8519911504424779, "best_test_acc_based_on_val_beststep": 0.8494635549164915, "test_best_min_based_on_step": 0.5829145728643216, "test_best_max_based_on_step": 0.9622641509433962, "test_best_std_based_on_step": 0.08252156803125342, "_step": 1125, "_runtime": 1810, "_timestamp": 1612703599}