{"test_avg_loss": 0.8062268944981635, "test_avg_acc": 0.850415512465374, "val_avg_loss": 0.792787869488287, "val_avg_acc": 0.8425310283687943, "best_step": 1100, "best_val_acc": 0.851063829787234, "best_test_acc_based_on_val_beststep": 0.8494182825484764, "test_best_min_based_on_step": 0.5534591194968553, "test_best_max_based_on_step": 0.9693877551020408, "test_best_std_based_on_step": 0.09416792238596157, "_step": 1175, "_runtime": 1858, "_timestamp": 1612703619}