{"test_avg_loss": 0.7369211973307697, "test_avg_acc": 0.8659851094566063, "val_avg_loss": 0.7127191749758398, "val_avg_acc": 0.8696666666666667, "best_step": 1150, "best_val_acc": 0.8696666666666667, "best_test_acc_based_on_val_beststep": 0.8659851094566063, "test_best_min_based_on_step": 0.6706586826347305, "test_best_max_based_on_step": 0.9797979797979798, "test_best_std_based_on_step": 0.08251163449785216, "_step": 1150, "_runtime": 1841, "_timestamp": 1612703612}